scenario_id,facet,level,answer_set,count,share
1,дружелюбие,Низкая,"Ты хочешь какую то ерунду!; Мне кажется, тебя просто используют",14,0.737
1,дружелюбие,Низкая,Ты хочешь какую то ерунду!,3,0.158
1,дружелюбие,Низкая,"Хорошо, помоги",2,0.105
1,дружелюбие,Средняя,"Хорошо, помоги",14,0.737
1,дружелюбие,Средняя,Я восхищен твоим стремлением помогать людям!,2,0.105
1,дружелюбие,Средняя,"Мне кажется, тебя просто используют",1,0.053
1,дружелюбие,Средняя,"Мне кажется, тебя просто используют; Хорошо, помоги",1,0.053
1,дружелюбие,Средняя,"Ты хочешь какую то ерунду!; Мне кажется, тебя просто используют",1,0.053
1,дружелюбие,Высокая,Я восхищен твоим стремлением помогать людям!,12,0.632
1,дружелюбие,Высокая,"Я восхищен твоим стремлением помогать людям!; Хорошо, помоги",4,0.211
1,дружелюбие,Высокая,Ты хочешь какую то ерунду!; Я восхищен твоим стремлением помогать людям!,1,0.053
1,дружелюбие,Высокая,"Ты хочешь какую то ерунду!; Я восхищен твоим стремлением помогать людям!; Хорошо, помоги",1,0.053
1,дружелюбие,Высокая,"Я восхищен твоим стремлением помогать людям!; Мне кажется, тебя просто используют",1,0.053
2,общительность,Низкая,Не стоит тебе идти на эту вечеринку,12,0.632
2,общительность,Низкая,"Можно было бы, но сейчас в приоритете другое; Не стоит тебе идти на эту вечеринку",4,0.211
2,общительность,Низкая,"Можно было бы, но сейчас в приоритете другое",2,0.105
2,общительность,Низкая,"Можно было бы, но сейчас в приоритете другое; Рад; Что ты предложил мне это",1,0.053
2,общительность,Средняя,"Можно было бы, но сейчас в приоритете другое",6,0.316
2,общительность,Средняя,"Можно было бы, но сейчас в приоритете другое; Рад; Что ты предложил мне это",5,0.263
2,общительность,Средняя,Рад; Что ты предложил мне это,3,0.158
2,общительность,Средняя,"Можно было бы, но сейчас в приоритете другое; Конечно, я обожаю вечеринки!; Рад; Что ты предложил мне это",1,0.053
2,общительность,Средняя,"Можно было бы, но сейчас в приоритете другое; Не стоит тебе идти на эту вечеринку",1,0.053
2,общительность,Средняя,"Можно было бы, но сейчас в приоритете другое; Не стоит тебе идти на эту вечеринку; Рад; Что ты предложил мне это",1,0.053
2,общительность,Средняя,Не стоит тебе идти на эту вечеринку,1,0.053
2,общительность,Средняя,Не стоит тебе идти на эту вечеринку; Рад; Что ты предложил мне это,1,0.053
2,общительность,Высокая,"Конечно, я обожаю вечеринки!; Рад; Что ты предложил мне это",13,0.684
2,общительность,Высокая,"Конечно, я обожаю вечеринки!",4,0.211
2,общительность,Высокая,"Конечно, я обожаю вечеринки!; Не стоит тебе идти на эту вечеринку; Рад; Что ты предложил мне это",1,0.053
2,общительность,Высокая,"Можно было бы, но сейчас в приоритете другое; Конечно, я обожаю вечеринки!",1,0.053
3,настойчивость,Низкая,Я сам хотел сделать ее!,7,0.368
3,настойчивость,Низкая,Спасибо; Что взял это на себя,4,0.211
3,настойчивость,Низкая,Спасибо; Что взял это на себя; Я восхищен твоим усердием!,3,0.158
3,настойчивость,Низкая,Спасибо; Что взял это на себя; Я сам хотел сделать ее!,2,0.105
3,настойчивость,Низкая,Рад за тебя; Что ты готов потратить на это время,1,0.053
3,настойчивость,Низкая,Спасибо; Что взял это на себя; Рад за тебя; Что ты готов потратить на это время,1,0.053
3,настойчивость,Низкая,Спасибо; Что взял это на себя; Я восхищен твоим усердием!; Рад за тебя; Что ты готов потратить на это время,1,0.053
3,настойчивость,Средняя,Рад за тебя; Что ты готов потратить на это время,7,0.368
3,настойчивость,Средняя,Спасибо; Что взял это на себя,5,0.263
3,настойчивость,Средняя,Я восхищен твоим усердием!; Рад за тебя; Что ты готов потратить на это время,4,0.211
3,настойчивость,Средняя,Я восхищен твоим усердием!,2,0.105
3,настойчивость,Средняя,Спасибо; Что взял это на себя; Рад за тебя; Что ты готов потратить на это время; Я сам хотел сделать ее!,1,0.053
3,настойчивость,Высокая,Я сам хотел сделать ее!,7,0.368
3,настойчивость,Высокая,Я восхищен твоим усердием!; Рад за тебя; Что ты готов потратить на это время,3,0.158
3,настойчивость,Высокая,Я восхищен твоим усердием!,2,0.105
3,настойчивость,Высокая,Спасибо; Что взял это на себя,1,0.053
3,настойчивость,Высокая,Спасибо; Что взял это на себя; Рад за тебя; Что ты готов потратить на это время,1,0.053
3,настойчивость,Высокая,Спасибо; Что взял это на себя; Я восхищен твоим усердием!,1,0.053
3,настойчивость,Высокая,Спасибо; Что взял это на себя; Я восхищен твоим усердием!; Рад за тебя; Что ты готов потратить на это время,1,0.053
3,настойчивость,Высокая,Спасибо; Что взял это на себя; Я восхищен твоим усердием!; Рад за тебя; Что ты готов потратить на это время; Я сам хотел сделать ее!,1,0.053
3,настойчивость,Высокая,Я восхищен твоей усердностью!,1,0.053
3,настойчивость,Высокая,Я восхищен твоим усердием!; Я сам хотел сделать ее!,1,0.053
4,уровень активности,Низкая,Не стоит тебе идти на эту вечеринку,8,0.421
4,уровень активности,Низкая,"Можно было бы, но сейчас в приоритете другое",6,0.316
4,уровень активности,Низкая,"Можно было бы, но сейчас в приоритете другое; Не стоит тебе идти на эту вечеринку",5,0.263
4,уровень активности,Средняя,Рад; Что ты предложил мне это,6,0.316
4,уровень активности,Средняя,"Можно было бы, но сейчас в приоритете другое; Рад; Что ты предложил мне это",5,0.263
4,уровень активности,Средняя,"Можно было бы, но сейчас в приоритете другое",3,0.158
4,уровень активности,Средняя,Не стоит тебе идти на эту вечеринку,2,0.105
4,уровень активности,Средняя,"Можно было бы, но сейчас в приоритете другое; Конечно, я обожаю вечеринки!; Не стоит тебе идти на эту вечеринку",1,0.053
4,уровень активности,Средняя,"Можно было бы, но сейчас в приоритете другое; Не стоит тебе идти на эту вечеринку",1,0.053
4,уровень активности,Средняя,Не стоит тебе идти на эту вечеринку; Рад; Что ты предложил мне это,1,0.053
4,уровень активности,Высокая,"Конечно, я обожаю вечеринки!",9,0.474
4,уровень активности,Высокая,"Конечно, я обожаю вечеринки!; Рад; Что ты предложил мне это",8,0.421
4,уровень активности,Высокая,"Можно было бы, но сейчас в приоритете другое; Конечно, я обожаю вечеринки!",1,0.053
4,уровень активности,Высокая,"Можно было бы, но сейчас в приоритете другое; Конечно, я обожаю вечеринки!; Не стоит тебе идти на эту вечеринку; Рад; Что ты предложил мне это",1,0.053
5,поиск острых ощущений,Низкая,"Кажется, ты не подходишь под ограничения для него; Это не очень хорошая идея кататься на нем",7,0.368
5,поиск острых ощущений,Низкая,Это не очень хорошая идея кататься на нем,5,0.263
5,поиск острых ощущений,Низкая,"Кажется, ты не подходишь под ограничения для него",4,0.211
5,поиск острых ощущений,Низкая,Рад за тебя; Что ты смог его отыскать!,1,0.053
5,поиск острых ощущений,Низкая,"Рад за тебя; Что ты смог его отыскать!; Кажется, ты не подходишь под ограничения для него",1,0.053
5,поиск острых ощущений,Низкая,Это просто прекрасно!,1,0.053
5,поиск острых ощущений,Средняя,Рад за тебя; Что ты смог его отыскать!,7,0.368
5,поиск острых ощущений,Средняя,Это просто прекрасно!,3,0.158
5,поиск острых ощущений,Средняя,Здорово; Что мы сходимся во мнении по поводу лучшего вида аттракционов,2,0.105
5,поиск острых ощущений,Средняя,Это не очень хорошая идея кататься на нем,2,0.105
5,поиск острых ощущений,Средняя,"Кажется, ты не подходишь под ограничения для него",1,0.053
5,поиск острых ощущений,Средняя,"Рад за тебя; Что ты смог его отыскать!; Кажется, ты не подходишь под ограничения для него",1,0.053
5,поиск острых ощущений,Средняя,"Рад за тебя; Что ты смог его отыскать!; Кажется, ты не подходишь под ограничения для него; Это не очень хорошая идея кататься на нем",1,0.053
5,поиск острых ощущений,Средняя,"Это просто прекрасно!; Здорово; Что мы сходимся во мнении по поводу лучшего вида аттракционов; Кажется, ты не подходишь под ограничения для него; Это не очень хорошая идея кататься на нем",1,0.053
5,поиск острых ощущений,Средняя,Это просто прекрасно!; Здорово; Что мы сходимся во мнении по поводу лучшего вида аттракционов; Это не очень хорошая идея кататься на нем,1,0.053
5,поиск острых ощущений,Высокая,Это просто прекрасно!; Здорово; Что мы сходимся во мнении по поводу лучшего вида аттракционов,6,0.316
5,поиск острых ощущений,Высокая,Это просто прекрасно!; Рад за тебя; Что ты смог его отыскать!; Здорово; Что мы сходимся во мнении по поводу лучшего вида аттракционов,3,0.158
5,поиск острых ощущений,Высокая,Здорово; Что мы сходимся во мнении по поводу лучшего вида аттракционов,2,0.105
5,поиск острых ощущений,Высокая,Рад за тебя; Что ты смог его отыскать!; Здорово; Что мы сходимся во мнении по поводу лучшего вида аттракционов,2,0.105
5,поиск острых ощущений,Высокая,Это просто прекрасно!; Рад за тебя; Что ты смог его отыскать!,2,0.105
5,поиск острых ощущений,Высокая,Рад за тебя; Что ты смог его отыскать!,1,0.053
5,поиск острых ощущений,Высокая,Это просто прекрасно!,1,0.053
5,поиск острых ощущений,Высокая,"Это просто прекрасно!; Здорово; Что мы сходимся во мнении по поводу лучшего вида аттракционов; Кажется, ты не подходишь под ограничения для него",1,0.053
5,поиск острых ощущений,Высокая,"Это просто прекрасно!; Рад за тебя; Что ты смог его отыскать!; Здорово; Что мы сходимся во мнении по поводу лучшего вида аттракционов; Кажется, ты не подходишь под ограничения для него",1,0.053
6,жизнерадостность,Низкая,"Всё утекает, как дождевая вода.; Как неприятно, на улице стало неуютно.",6,0.316
6,жизнерадостность,Низкая,"Как неприятно, на улице стало неуютно.",4,0.211
6,жизнерадостность,Низкая,"Всё утекает, как дождевая вода.; Мне жаль, что ты застал его",3,0.158
6,жизнерадостность,Низкая,"Всё утекает, как дождевая вода.; Как неприятно, на улице стало неуютно.; Мне жаль, что ты застал его",2,0.105
6,жизнерадостность,Низкая,"Всё утекает, как дождевая вода.",1,0.053
6,жизнерадостность,Низкая,"Всё утекает, как дождевая вода.; Сейчас бы пойти погулять под дождём, внести нотку новизны!; Здорово, что тебе удалось увидеть его",1,0.053
6,жизнерадостность,Низкая,"Как неприятно, на улице стало неуютно.; Мне жаль, что ты застал его",1,0.053
6,жизнерадостность,Низкая,"Мне жаль, что ты застал его",1,0.053
6,жизнерадостность,Средняя,"Мне жаль, что ты застал его",5,0.263
6,жизнерадостность,Средняя,"Здорово, что тебе удалось увидеть его",3,0.158
6,жизнерадостность,Средняя,"Как неприятно, на улице стало неуютно.",2,0.105
6,жизнерадостность,Средняя,"Всё утекает, как дождевая вода.; Здорово, что тебе удалось увидеть его",1,0.053
6,жизнерадостность,Средняя,"Всё утекает, как дождевая вода.; Как неприятно, на улице стало неуютно.; Мне жаль, что ты застал его",1,0.053
6,жизнерадостность,Средняя,"Всё утекает, как дождевая вода.; Мне жаль, что ты застал его",1,0.053
6,жизнерадостность,Средняя,"Всё утекает, как дождевая вода.; Мне жаль, что ты застал его; Здорово, что тебе удалось увидеть его",1,0.053
6,жизнерадостность,Средняя,"Всё утекает, как дождевая вода.; Сейчас бы пойти погулять под дождём, внести нотку новизны!; Мне жаль, что ты застал его; Здорово, что тебе удалось увидеть его",1,0.053
6,жизнерадостность,Средняя,"Как неприятно, на улице стало неуютно.; Здорово, что тебе удалось увидеть его",1,0.053
6,жизнерадостность,Средняя,"Как неприятно, на улице стало неуютно.; Сейчас бы пойти погулять под дождём, внести нотку новизны!; Здорово, что тебе удалось увидеть его",1,0.053
6,жизнерадостность,Средняя,"Мне жаль, что ты застал его; Здорово, что тебе удалось увидеть его",1,0.053
6,жизнерадостность,Средняя,"Сейчас бы пойти погулять под дождём, внести нотку новизны!",1,0.053
6,жизнерадостность,Высокая,"Сейчас бы пойти погулять под дождём, внести нотку новизны!; Здорово, что тебе удалось увидеть его",10,0.526
6,жизнерадостность,Высокая,"Сейчас бы пойти погулять под дождём, внести нотку новизны!",5,0.263
6,жизнерадостность,Высокая,"Всё утекает, как дождевая вода.; Как неприятно, на улице стало неуютно.; Сейчас бы пойти погулять под дождём, внести нотку новизны!; Здорово, что тебе удалось увидеть его",1,0.053
6,жизнерадостность,Высокая,"Здорово, что тебе удалось увидеть его",1,0.053
6,жизнерадостность,Высокая,"Мне жаль, что ты застал его",1,0.053
6,жизнерадостность,Высокая,"Сейчас бы пойти погулять под дождём, внести нотку новизны!; Мне жаль, что ты застал его; Здорово, что тебе удалось увидеть его",1,0.053
7,доверчивость,Низкая,Ты хочешь использовать ее против меня?; Глупая просьба! Зачем она тебе?,15,0.789
7,доверчивость,Низкая,Глупая просьба! Зачем она тебе?,2,0.105
7,доверчивость,Низкая,Ты хочешь использовать ее против меня?,1,0.053
7,доверчивость,Низкая,Хорошо; Что она у меня есть,1,0.053
7,доверчивость,Средняя,Хорошо; Что она у меня есть,10,0.526
7,доверчивость,Средняя,Конечно! Рад; Что спросил!,6,0.316
7,доверчивость,Средняя,Конечно! Рад; Что спросил!; Глупая просьба! Зачем она тебе?,1,0.053
7,доверчивость,Средняя,Ты хочешь использовать ее против меня?,1,0.053
7,доверчивость,Средняя,Хорошо; Что она у меня есть; Ты хочешь использовать ее против меня?,1,0.053
7,доверчивость,Высокая,Конечно! Рад; Что спросил!,11,0.579
7,доверчивость,Высокая,Хорошо; Что она у меня есть,4,0.211
7,доверчивость,Высокая,Хорошо; Что она у меня есть; Конечно! Рад; Что спросил!,3,0.158
7,доверчивость,Высокая,Хорошо; Что она у меня есть; Конечно! Рад; Что спросил!; Глупая просьба! Зачем она тебе?,1,0.053
8,моральность,Низкая,Это радостная новость,6,0.316
8,моральность,Низкая,Жаль; Что ради этого тебе пришлось меньше спать,4,0.211
8,моральность,Низкая,Классно; Что ты отдаешь всего себя людям,4,0.211
8,моральность,Низкая,Жаль; Что ради этого тебе пришлось меньше спать; Классно; Что ты отдаешь всего себя людям,2,0.105
8,моральность,Низкая,Я так рад! Теперь ты можешь купить себе все что хочешь,1,0.053
8,моральность,Низкая,Я так рад! Теперь ты можешь купить себе все что хочешь; Классно; Что ты отдаешь всего себя людям,1,0.053
8,моральность,Низкая,Я так рад! Теперь ты можешь купить себе все что хочешь; Это радостная новость,1,0.053
8,моральность,Средняя,Это радостная новость,5,0.263
8,моральность,Средняя,Жаль; Что ради этого тебе пришлось меньше спать,4,0.211
8,моральность,Средняя,Жаль; Что ради этого тебе пришлось меньше спать; Это радостная новость,3,0.158
8,моральность,Средняя,Жаль; Что ради этого тебе пришлось меньше спать; Классно; Что ты отдаешь всего себя людям,2,0.105
8,моральность,Средняя,Жаль; Что ради этого тебе пришлось меньше спать; Классно; Что ты отдаешь всего себя людям; Это радостная новость,1,0.053
8,моральность,Средняя,Классно; Что ты отдаешь всего себя людям,1,0.053
8,моральность,Средняя,Классно; Что ты отдаешь всего себя людям; Это радостная новость,1,0.053
8,моральность,Средняя,Я так рад! Теперь ты можешь купить себе все что хочешь; Жаль; Что ради этого тебе пришлось меньше спать; Классно; Что ты отдаешь всего себя людям; Это радостная новость,1,0.053
8,моральность,Средняя,Я так рад! Теперь ты можешь купить себе все что хочешь; Жаль; Что ради этого тебе пришлось меньше спать; Это радостная новость,1,0.053
8,моральность,Высокая,Я так рад! Теперь ты можешь купить себе все что хочешь,5,0.263
8,моральность,Высокая,Я так рад! Теперь ты можешь купить себе все что хочешь; Классно; Что ты отдаешь всего себя людям,5,0.263
8,моральность,Высокая,Классно; Что ты отдаешь всего себя людям,2,0.105
8,моральность,Высокая,Я так рад! Теперь ты можешь купить себе все что хочешь; Жаль; Что ради этого тебе пришлось меньше спать; Это радостная новость,2,0.105
8,моральность,Высокая,Я так рад! Теперь ты можешь купить себе все что хочешь; Это радостная новость,2,0.105
8,моральность,Высокая,Жаль; Что ради этого тебе пришлось меньше спать; Это радостная новость,1,0.053
8,моральность,Высокая,Я так рад! Теперь ты можешь купить себе все что хочешь; Жаль; Что ради этого тебе пришлось меньше спать; Классно; Что ты отдаешь всего себя людям; Это радостная новость,1,0.053
8,моральность,Высокая,Я так рад! Теперь ты можешь купить себе все что хочешь; Классно; Что ты отдаешь всего себя людям; Это радостная новость,1,0.053
9,альтруизм,Низкая,Тебе уже ничего не поможет,17,0.895
9,альтруизм,Низкая,Я помогаю людям,1,0.053
9,альтруизм,Низкая,Я помогаю людям; Рад; Что ты обратился ко мне за помощью,1,0.053
9,альтруизм,Средняя,Я помогаю людям,14,0.737
9,альтруизм,Средняя,Рад; Что ты обратился ко мне за помощью,4,0.211
9,альтруизм,Средняя,Я помогаю людям; Рад; Что ты обратился ко мне за помощью,1,0.053
9,альтруизм,Высокая,Рад; Что ты обратился ко мне за помощью,14,0.737
9,альтруизм,Высокая,Я помогаю людям,2,0.105
9,альтруизм,Высокая,Я помогаю людям; Рад; Что ты обратился ко мне за помощью,2,0.105
9,альтруизм,Высокая,Я помогаю людям; Тебе уже ничего не поможет,1,0.053
10,сотрудничество,Низкая,Это моя задача и я сам хотел сделать ее!,14,0.737
10,сотрудничество,Низкая,Спасибо; Что взял это на себя; Это моя задача и я сам хотел сделать ее!,2,0.105
10,сотрудничество,Низкая,Спасибо; Что взял это на себя,1,0.053
10,сотрудничество,Низкая,Я восхищен твоей усердностью!,1,0.053
10,сотрудничество,Низкая,Я восхищен твоей усердностью!; Рад за тебя; Что ты готов потратить на это время,1,0.053
10,сотрудничество,Средняя,Рад за тебя; Что ты готов потратить на это время,5,0.263
10,сотрудничество,Средняя,Спасибо; Что взял это на себя,5,0.263
10,сотрудничество,Средняя,Спасибо; Что взял это на себя; Рад за тебя; Что ты готов потратить на это время,5,0.263
10,сотрудничество,Средняя,Я восхищен твоей усердностью!,2,0.105
10,сотрудничество,Средняя,Я восхищен твоей усердностью!; Рад за тебя; Что ты готов потратить на это время,2,0.105
10,сотрудничество,Высокая,Я восхищен твоей усердностью!,6,0.316
10,сотрудничество,Высокая,Спасибо; Что взял это на себя; Я восхищен твоей усердностью!,4,0.211
10,сотрудничество,Высокая,Я восхищен твоей усердностью!; Рад за тебя; Что ты готов потратить на это время,4,0.211
10,сотрудничество,Высокая,Спасибо; Что взял это на себя,2,0.105
10,сотрудничество,Высокая,Рад за тебя; Что ты готов потратить на это время; Это моя задача и я сам хотел сделать ее!,1,0.053
10,сотрудничество,Высокая,Спасибо; Что взял это на себя; Я восхищен твоей усердностью!; Рад за тебя; Что ты готов потратить на это время,1,0.053
10,сотрудничество,Высокая,Это моя задача и я сам хотел сделать ее!,1,0.053
11,скромность,Низкая,"Да, я всегда был и буду чертовски крут!",15,0.789
11,скромность,Низкая,Меня радуют твои слова,2,0.105
11,скромность,Низкая,"Да, я всегда был и буду чертовски крут!; Меня радуют твои слова",1,0.053
11,скромность,Низкая,"Нет, это ты большой молодец!; Рад вызвать у тебя радостные эмоции",1,0.053
11,скромность,Средняя,Меня радуют твои слова; Рад вызвать у тебя радостные эмоции,8,0.421
11,скромность,Средняя,Меня радуют твои слова,4,0.211
11,скромность,Средняя,"Меня радуют твои слова; Нет, это ты большой молодец!",2,0.105
11,скромность,Средняя,"Да, я всегда был и буду чертовски крут!; Нет, это ты большой молодец!",1,0.053
11,скромность,Средняя,"Меня радуют твои слова; Нет, это ты большой молодец!; Рад вызвать у тебя радостные эмоции",1,0.053
11,скромность,Средняя,"Нет, это ты большой молодец!",1,0.053
11,скромность,Средняя,"Нет, это ты большой молодец!; Рад вызвать у тебя радостные эмоции",1,0.053
11,скромность,Средняя,Рад вызвать у тебя радостные эмоции,1,0.053
11,скромность,Высокая,"Нет, это ты большой молодец!",6,0.316
11,скромность,Высокая,"Нет, это ты большой молодец!; Рад вызвать у тебя радостные эмоции",5,0.263
11,скромность,Высокая,Рад вызвать у тебя радостные эмоции,3,0.158
11,скромность,Высокая,"Меня радуют твои слова; Нет, это ты большой молодец!; Рад вызвать у тебя радостные эмоции",2,0.105
11,скромность,Высокая,"Да, я всегда был и буду чертовски крут!; Нет, это ты большой молодец!; Рад вызвать у тебя радостные эмоции",1,0.053
11,скромность,Высокая,Меня радуют твои слова,1,0.053
11,скромность,Высокая,Меня радуют твои слова; Рад вызвать у тебя радостные эмоции,1,0.053
12,сочувствие,Низкая,Ну ты хотя бы набрался опыта,13,0.684
12,сочувствие,Низкая,Я рад; Что ты делишься со мной этим,3,0.158
12,сочувствие,Низкая,Мне очень жаль; Что ничего не вышло,2,0.105
12,сочувствие,Низкая,Я рад; Что ты делишься со мной этим; Ну ты хотя бы набрался опыта,1,0.053
12,сочувствие,Средняя,Я рад; Что ты делишься со мной этим,10,0.526
12,сочувствие,Средняя,Ну ты хотя бы набрался опыта,4,0.211
12,сочувствие,Средняя,Мне очень жаль; Что ничего не вышло,2,0.105
12,сочувствие,Средняя,Мне очень жаль; Что ничего не вышло; Ну ты хотя бы набрался опыта,1,0.053
12,сочувствие,Средняя,Мне очень жаль; Что ничего не вышло; Я рад; Что ты делишься со мной этим,1,0.053
12,сочувствие,Средняя,Я рад; Что ты делишься со мной этим; Ну ты хотя бы набрался опыта,1,0.053
12,сочувствие,Высокая,Мне очень жаль; Что ничего не вышло,11,0.579
12,сочувствие,Высокая,Мне очень жаль; Что ничего не вышло; Я рад; Что ты делишься со мной этим,5,0.263
12,сочувствие,Высокая,Мне очень жаль; Что ничего не вышло; Ну ты хотя бы набрался опыта,1,0.053
12,сочувствие,Высокая,Мне очень жаль; Что ничего не вышло; Я рад; Что ты делишься со мной этим; Ну ты хотя бы набрался опыта,1,0.053
12,сочувствие,Высокая,Ну ты хотя бы набрался опыта,1,0.053
13,самоэффективность,Низкая,Я не контроллирую ситуацию!; Мне просто никто не помогает в этом,6,0.316
13,самоэффективность,Низкая,Я не контроллирую ситуацию!,5,0.263
13,самоэффективность,Низкая,Я не контроллирую ситуацию!; Не говори глупости!,3,0.158
13,самоэффективность,Низкая,"Не пытайся мне насолить, я справлюсь",2,0.105
13,самоэффективность,Низкая,Мне просто никто не помогает в этом,1,0.053
13,самоэффективность,Низкая,"Я не контроллирую ситуацию!; Мне просто никто не помогает в этом; Не пытайся мне насолить, я справлюсь; Не говори глупости!",1,0.053
13,самоэффективность,Низкая,"Я не контроллирую ситуацию!; Не пытайся мне насолить, я справлюсь",1,0.053
13,самоэффективность,Средняя,Мне просто никто не помогает в этом,7,0.368
13,самоэффективность,Средняя,Не говори глупости!,5,0.263
13,самоэффективность,Средняя,"Не пытайся мне насолить, я справлюсь; Не говори глупости!",2,0.105
13,самоэффективность,Средняя,Я не контроллирую ситуацию!; Мне просто никто не помогает в этом,2,0.105
13,самоэффективность,Средняя,"Не пытайся мне насолить, я справлюсь",1,0.053
13,самоэффективность,Средняя,Я не контроллирую ситуацию!,1,0.053
13,самоэффективность,Средняя,"Я не контроллирую ситуацию!; Мне просто никто не помогает в этом; Не пытайся мне насолить, я справлюсь; Не говори глупости!",1,0.053
13,самоэффективность,Высокая,Не говори глупости!,6,0.316
13,самоэффективность,Высокая,"Не пытайся мне насолить, я справлюсь",6,0.316
13,самоэффективность,Высокая,"Не пытайся мне насолить, я справлюсь; Не говори глупости!",4,0.211
13,самоэффективность,Высокая,"Мне просто никто не помогает в этом; Не пытайся мне насолить, я справлюсь",1,0.053
13,самоэффективность,Высокая,"Мне просто никто не помогает в этом; Не пытайся мне насолить, я справлюсь; Не говори глупости!",1,0.053
13,самоэффективность,Высокая,"Я не контроллирую ситуацию!; Не пытайся мне насолить, я справлюсь; Не говори глупости!",1,0.053
14,аккуратность,Низкая,Это место не очень удобное для уборки,8,0.421
14,аккуратность,Низкая,Спасибо тебе; Что прибрался у меня!,4,0.211
14,аккуратность,Низкая,Спасибо тебе; Что прибрался у меня!; Спасибо; Что делаешь хорошо людям!,4,0.211
14,аккуратность,Низкая,"Да, это стоило всех приложенных мной усилий на уборку",1,0.053
14,аккуратность,Низкая,Это место не очень удобное для уборки; Спасибо тебе; Что прибрался у меня!,1,0.053
14,аккуратность,Низкая,Это место не очень удобное для уборки; Спасибо; Что делаешь хорошо людям!,1,0.053
14,аккуратность,Средняя,Спасибо тебе; Что прибрался у меня!; Спасибо; Что делаешь хорошо людям!,4,0.211
14,аккуратность,Средняя,Это место не очень удобное для уборки,4,0.211
14,аккуратность,Средняя,"Да, это стоило всех приложенных мной усилий на уборку",3,0.158
14,аккуратность,Средняя,Спасибо тебе; Что прибрался у меня!,3,0.158
14,аккуратность,Средняя,Спасибо; Что делаешь хорошо людям!,2,0.105
14,аккуратность,Средняя,"Да, это стоило всех приложенных мной усилий на уборку; Спасибо тебе; Что прибрался у меня!; Спасибо; Что делаешь хорошо людям!",1,0.053
14,аккуратность,Средняя,"Это место не очень удобное для уборки; Да, это стоило всех приложенных мной усилий на уборку",1,0.053
14,аккуратность,Средняя,"Это место не очень удобное для уборки; Да, это стоило всех приложенных мной усилий на уборку; Спасибо тебе; Что прибрался у меня!",1,0.053
14,аккуратность,Высокая,"Да, это стоило всех приложенных мной усилий на уборку",9,0.474
14,аккуратность,Высокая,"Да, это стоило всех приложенных мной усилий на уборку; Спасибо; Что делаешь хорошо людям!",3,0.158
14,аккуратность,Высокая,"Да, это стоило всех приложенных мной усилий на уборку; Спасибо тебе; Что прибрался у меня!",2,0.105
14,аккуратность,Высокая,"Да, это стоило всех приложенных мной усилий на уборку; Спасибо тебе; Что прибрался у меня!; Спасибо; Что делаешь хорошо людям!",1,0.053
14,аккуратность,Высокая,Спасибо тебе; Что прибрался у меня!,1,0.053
14,аккуратность,Высокая,Спасибо тебе; Что прибрался у меня!; Спасибо; Что делаешь хорошо людям!,1,0.053
14,аккуратность,Высокая,Спасибо; Что делаешь хорошо людям!,1,0.053
14,аккуратность,Высокая,"Это место не очень удобное для уборки; Да, это стоило всех приложенных мной усилий на уборку",1,0.053
15,исполнительность,Низкая,Ничего не выйдет,11,0.579
15,исполнительность,Низкая,"Ничего не выйдет; Вам бы не пришлось просить, если бы вы сами что то для этого сделали",4,0.211
15,исполнительность,Низкая,"Вам бы не пришлось просить, если бы вы сами что то для этого сделали",1,0.053
15,исполнительность,Низкая,"Ничего не выйдет; Вам бы не пришлось просить, если бы вы сами что для этого сделали",1,0.053
15,исполнительность,Низкая,"Ничего не выйдет; Вам бы не пришлось просить, если бы вы сами что то для этого сделали; Спасибо за ценную возможность! Я вас не подведу",1,0.053
15,исполнительность,Низкая,Спасибо за ценную возможность! Я вас не подведу,1,0.053
15,исполнительность,Средняя,"Вам бы не пришлось просить, если бы вы сами что то для этого сделали",9,0.474
15,исполнительность,Средняя,Спасибо за ценную возможность! Я вас не подведу,5,0.263
15,исполнительность,Средняя,Ничего не выйдет,3,0.158
15,исполнительность,Средняя,"Вам бы не пришлось просить, если бы вы сами что для этого сделали",1,0.053
15,исполнительность,Средняя,Ничего не выйдет; Спасибо за ценную возможность! Я вас не подведу,1,0.053
15,исполнительность,Высокая,Спасибо за ценную возможность! Я вас не подведу,18,0.947
15,исполнительность,Высокая,"Ничего не выйдет; Вам бы не пришлось просить, если бы вы сами что то для этого сделали; Спасибо за ценную возможность! Я вас не подведу",1,0.053
16,стремление к достижениям,Низкая,"Вы хотите, чтобы я опозорился там?; Вы ошибаетесь в выборе кандидата для такого мероприятия",7,0.368
16,стремление к достижениям,Низкая,"На меня будут смотреть люди; Вы хотите, чтобы я опозорился там?; Вы ошибаетесь в выборе кандидата для такого мероприятия",7,0.368
16,стремление к достижениям,Низкая,Прекрасная идея!,2,0.105
16,стремление к достижениям,Низкая,Вы ошибаетесь в выборе кандидата для такого мероприятия,1,0.053
16,стремление к достижениям,Низкая,"Вы хотите, чтобы я опозорился там?",1,0.053
16,стремление к достижениям,Низкая,"На меня будут смотреть люди; Вы хотите, чтобы я опозорился там?",1,0.053
16,стремление к достижениям,Средняя,На меня будут смотреть люди,8,0.421
16,стремление к достижениям,Средняя,Прекрасная идея!,4,0.211
16,стремление к достижениям,Средняя,Вы ошибаетесь в выборе кандидата для такого мероприятия,2,0.105
16,стремление к достижениям,Средняя,Я восхищен вашим предложением!,2,0.105
16,стремление к достижениям,Средняя,"Вы хотите, чтобы я опозорился там?; Вы ошибаетесь в выборе кандидата для такого мероприятия",1,0.053
16,стремление к достижениям,Средняя,"На меня будут смотреть люди; Вы хотите, чтобы я опозорился там?; Вы ошибаетесь в выборе кандидата для такого мероприятия",1,0.053
16,стремление к достижениям,Средняя,На меня будут смотреть люди; Я восхищен вашим предложением!; Вы ошибаетесь в выборе кандидата для такого мероприятия,1,0.053
16,стремление к достижениям,Высокая,Прекрасная идея!; Я восхищен вашим предложением!,14,0.737
16,стремление к достижениям,Высокая,Я восхищен вашим предложением!,3,0.158
16,стремление к достижениям,Высокая,"На меня будут смотреть люди; Вы хотите, чтобы я опозорился там?; Прекрасная идея!; Я восхищен вашим предложением!",1,0.053
16,стремление к достижениям,Высокая,Прекрасная идея!,1,0.053
17,самодисциплина,Низкая,У меня не получится,13,0.684
17,самодисциплина,Низкая,У меня не получится; Другие задачи не дадут мне заняться вашей,4,0.211
17,самодисциплина,Низкая,Конечно! Сделаю все сегодня!,1,0.053
17,самодисциплина,Низкая,У меня не получится; Конечно! Сделаю все сегодня!,1,0.053
17,самодисциплина,Средняя,Другие задачи не дадут мне заняться вашей,15,0.789
17,самодисциплина,Средняя,Другие задачи не дадут мне заняться вашей; Конечно! Сделаю все сегодня!,2,0.105
17,самодисциплина,Средняя,Конечно! Сделаю все сегодня!,2,0.105
17,самодисциплина,Высокая,Конечно! Сделаю все сегодня!,17,0.895
17,самодисциплина,Высокая,Другие задачи не дадут мне заняться вашей; Конечно! Сделаю все сегодня!,1,0.053
17,самодисциплина,Высокая,У меня не получится; Другие задачи не дадут мне заняться вашей; Конечно! Сделаю все сегодня!,1,0.053
18,осторожности,Низкая,"Что ж, меньше народу больше кислороду; Теперь она стала плохо пахнуть",10,0.526
18,осторожности,Низкая,Она умерла,3,0.158
18,осторожности,Низкая,"Она умерла; Что ж, меньше народу больше кислороду; Теперь она стала плохо пахнуть",3,0.158
18,осторожности,Низкая,"Что ж, меньше народу больше кислороду",2,0.105
18,осторожности,Низкая,"Она умерла; Что ж, меньше народу больше кислороду",1,0.053
18,осторожности,Средняя,Она умерла,10,0.526
18,осторожности,Средняя,"Мне очень жаль, я понимаю твое горе, держись",3,0.158
18,осторожности,Средняя,"Она умерла; Мне очень жаль, я понимаю твое горе, держись",3,0.158
18,осторожности,Средняя,Теперь она стала плохо пахнуть,1,0.053
18,осторожности,Средняя,"Что ж, меньше народу больше кислороду",1,0.053
18,осторожности,Средняя,"Что ж, меньше народу больше кислороду; Теперь она стала плохо пахнуть",1,0.053
18,осторожности,Высокая,"Мне очень жаль, я понимаю твое горе, держись",16,0.842
18,осторожности,Высокая,Она умерла,1,0.053
18,осторожности,Высокая,"Она умерла; Мне очень жаль, я понимаю твое горе, держись",1,0.053
18,осторожности,Высокая,"Она умерла; Мне очень жаль, я понимаю твое горе, держись; Теперь она стала плохо пахнуть",1,0.053
19,тревожности,Низкая,Я проведу время в хорошей компании,9,0.474
19,тревожности,Низкая,Я проведу время в хорошей компании; Я проведу время в необычной компании,4,0.211
19,тревожности,Низкая,О это будет ужасно!; Я не буду там никому нужен,2,0.105
19,тревожности,Низкая,Мне страшно,1,0.053
19,тревожности,Низкая,О это будет ужасно!,1,0.053
19,тревожности,Низкая,О это будет ужасно!; Я не буду там никому нужен; Мне страшно,1,0.053
19,тревожности,Низкая,Я проведу время в необычной компании; О это будет ужасно!; Я не буду там никому нужен; Мне страшно,1,0.053
19,тревожности,Средняя,Я проведу время в необычной компании,8,0.421
19,тревожности,Средняя,Я проведу время в необычной компании; Мне страшно,3,0.158
19,тревожности,Средняя,Мне страшно,2,0.105
19,тревожности,Средняя,Я проведу время в необычной компании; Я не буду там никому нужен,1,0.053
19,тревожности,Средняя,Я проведу время в хорошей компании,1,0.053
19,тревожности,Средняя,Я проведу время в хорошей компании; Мне страшно,1,0.053
19,тревожности,Средняя,Я проведу время в хорошей компании; О это будет ужасно!,1,0.053
19,тревожности,Средняя,Я проведу время в хорошей компании; Я проведу время в необычной компании; О это будет ужасно!; Я не буду там никому нужен; Мне страшно,1,0.053
19,тревожности,Средняя,Я проведу время в хорошей компании; Я проведу время в необычной компании; Я не буду там никому нужен,1,0.053
19,тревожности,Высокая,О это будет ужасно!; Я не буду там никому нужен; Мне страшно,7,0.368
19,тревожности,Высокая,О это будет ужасно!; Я не буду там никому нужен,3,0.158
19,тревожности,Высокая,Я проведу время в хорошей компании,3,0.158
19,тревожности,Высокая,О это будет ужасно!; Мне страшно,2,0.105
19,тревожности,Высокая,Я проведу время в необычной компании,2,0.105
19,тревожности,Высокая,Я проведу время в необычной компании; Я не буду там никому нужен,1,0.053
19,тревожности,Высокая,Я проведу время в хорошей компании; Я проведу время в необычной компании,1,0.053
20,гневность,Низкая,"Спасибо, что сообщил",13,0.684
20,гневность,Низкая,Ты только и делаешь что приносишь плохие новости!; Ты принес мне фигню,3,0.158
20,гневность,Низкая,"Спасибо, что сообщил; Ты только и делаешь что приносишь плохие новости!; Ты принес мне фигню; Если это шутка, то она невероятно глупая и неуместная!",1,0.053
20,гневность,Низкая,Ты только и делаешь что приносишь плохие новости!,1,0.053
20,гневность,Низкая,"Ты только и делаешь что приносишь плохие новости!; Ты принес мне фигню; Если это шутка, то она невероятно глупая и неуместная!",1,0.053
20,гневность,Средняя,"Если это шутка, то она невероятно глупая и неуместная!",6,0.316
20,гневность,Средняя,Ты принес мне фигню,4,0.211
20,гневность,Средняя,"Спасибо, что сообщил",3,0.158
20,гневность,Средняя,"Ты принес мне фигню; Если это шутка, то она невероятно глупая и неуместная!",2,0.105
20,гневность,Средняя,"Спасибо, что сообщил; Если это шутка, то она невероятно глупая и неуместная!",1,0.053
20,гневность,Средняя,"Спасибо, что сообщил; Ты принес мне фигню",1,0.053
20,гневность,Средняя,"Спасибо, что сообщил; Ты принес мне фигню; Если это шутка, то она невероятно глупая и неуместная!",1,0.053
20,гневность,Средняя,"Ты только и делаешь что приносишь плохие новости!; Если это шутка, то она невероятно глупая и неуместная!",1,0.053
20,гневность,Высокая,"Спасибо, что сообщил",6,0.316
20,гневность,Высокая,"Ты только и делаешь что приносишь плохие новости!; Если это шутка, то она невероятно глупая и неуместная!",4,0.211
20,гневность,Высокая,Ты только и делаешь что приносишь плохие новости!; Ты принес мне фигню,3,0.158
20,гневность,Высокая,"Ты только и делаешь что приносишь плохие новости!; Ты принес мне фигню; Если это шутка, то она невероятно глупая и неуместная!",3,0.158
20,гневность,Высокая,"Если это шутка, то она невероятно глупая и неуместная!",1,0.053
20,гневность,Высокая,"Спасибо, что сообщил; Ты только и делаешь что приносишь плохие новости!; Ты принес мне фигню",1,0.053
20,гневность,Высокая,Ты принес мне фигню,1,0.053
21,подавленность,Низкая,"Сейчас бы пойти погулять под дождём, внести нотку новизны!; Здорово, что тебе удалось увидеть его",9,0.474
21,подавленность,Низкая,"Всё утекает, как дождевая вода.",4,0.211
21,подавленность,Низкая,"Как неприятно, на улице стало неуютно.",3,0.158
21,подавленность,Низкая,"Всё утекает, как дождевая вода.; Как неприятно, на улице стало неуютно.",1,0.053
21,подавленность,Низкая,"Как неприятно, на улице стало неуютно.; Здорово, что тебе удалось увидеть его",1,0.053
21,подавленность,Низкая,"Сейчас бы пойти погулять под дождём, внести нотку новизны!",1,0.053
21,подавленность,Средняя,"Всё утекает, как дождевая вода.; Мне жаль, что ты застал его",4,0.211
21,подавленность,Средняя,"Мне жаль, что ты застал его",4,0.211
21,подавленность,Средняя,"Как неприятно, на улице стало неуютно.; Мне жаль, что ты застал его",3,0.158
21,подавленность,Средняя,"Всё утекает, как дождевая вода.; Как неприятно, на улице стало неуютно.; Мне жаль, что ты застал его",1,0.053
21,подавленность,Средняя,"Всё утекает, как дождевая вода.; Как неприятно, на улице стало неуютно.; Мне жаль, что ты застал его; Здорово, что тебе удалось увидеть его",1,0.053
21,подавленность,Средняя,"Всё утекает, как дождевая вода.; Мне жаль, что ты застал его; Здорово, что тебе удалось увидеть его",1,0.053
21,подавленность,Средняя,"Как неприятно, на улице стало неуютно.",1,0.053
21,подавленность,Средняя,"Как неприятно, на улице стало неуютно.; Здорово, что тебе удалось увидеть его",1,0.053
21,подавленность,Средняя,"Как неприятно, на улице стало неуютно.; Мне жаль, что ты застал его; Здорово, что тебе удалось увидеть его",1,0.053
21,подавленность,Средняя,"Как неприятно, на улице стало неуютно.; Сейчас бы пойти погулять под дождём, внести нотку новизны!; Мне жаль, что ты застал его",1,0.053
21,подавленность,Средняя,"Сейчас бы пойти погулять под дождём, внести нотку новизны!",1,0.053
21,подавленность,Высокая,"Всё утекает, как дождевая вода.; Как неприятно, на улице стало неуютно.",4,0.211
21,подавленность,Высокая,"Сейчас бы пойти погулять под дождём, внести нотку новизны!",4,0.211
21,подавленность,Высокая,"Всё утекает, как дождевая вода.",3,0.158
21,подавленность,Высокая,"Сейчас бы пойти погулять под дождём, внести нотку новизны!; Здорово, что тебе удалось увидеть его",2,0.105
21,подавленность,Высокая,"Всё утекает, как дождевая вода.; Как неприятно, на улице стало неуютно.; Мне жаль, что ты застал его",1,0.053
21,подавленность,Высокая,"Всё утекает, как дождевая вода.; Как неприятно, на улице стало неуютно.; Сейчас бы пойти погулять под дождём, внести нотку новизны!; Мне жаль, что ты застал его",1,0.053
21,подавленность,Высокая,"Здорово, что тебе удалось увидеть его",1,0.053
21,подавленность,Высокая,"Как неприятно, на улице стало неуютно.",1,0.053
21,подавленность,Высокая,"Как неприятно, на улице стало неуютно.; Мне жаль, что ты застал его",1,0.053
21,подавленность,Высокая,"Как неприятно, на улице стало неуютно.; Сейчас бы пойти погулять под дождём, внести нотку новизны!",1,0.053
22,чувствительность к оценке,Низкая,Прекрасная идея!; Я восхищен вашим предложением!,11,0.579
22,чувствительность к оценке,Низкая,"Вы хотите, чтобы я опозорился там?",2,0.105
22,чувствительность к оценке,Низкая,На меня будут смотреть люди,1,0.053
22,чувствительность к оценке,Низкая,"На меня будут смотреть люди; Вы хотите, чтобы я опозорился там?",1,0.053
22,чувствительность к оценке,Низкая,"На меня будут смотреть люди; Вы хотите, чтобы я опозорился там?; Я растеряюсь, и не смогу удержать внимание публики",1,0.053
22,чувствительность к оценке,Низкая,"На меня будут смотреть люди; Я растеряюсь, и не смогу удержать внимание публики",1,0.053
22,чувствительность к оценке,Низкая,Прекрасная идея!,1,0.053
22,чувствительность к оценке,Низкая,Я восхищен вашим предложением!,1,0.053
22,чувствительность к оценке,Средняя,На меня будут смотреть люди,5,0.263
22,чувствительность к оценке,Средняя,Вы ошибаетесь в выборе кандидата для такого мероприятия,3,0.158
22,чувствительность к оценке,Средняя,На меня будут смотреть люди; Вы ошибаетесь в выборе кандидата для такого мероприятия,3,0.158
22,чувствительность к оценке,Средняя,"Вы ошибаетесь в выборе кандидата для такого мероприятия; Я растеряюсь, и не смогу удержать внимание публики",2,0.105
22,чувствительность к оценке,Средняя,"На меня будут смотреть люди; Вы ошибаетесь в выборе кандидата для такого мероприятия; Я растеряюсь, и не смогу удержать внимание публики",2,0.105
22,чувствительность к оценке,Средняя,"Вы хотите, чтобы я опозорился там?; Вы ошибаетесь в выборе кандидата для такого мероприятия",1,0.053
22,чувствительность к оценке,Средняя,"Вы хотите, чтобы я опозорился там?; Вы ошибаетесь в выборе кандидата для такого мероприятия; Я растеряюсь, и не смогу удержать внимание публики",1,0.053
22,чувствительность к оценке,Средняя,Прекрасная идея!; Я восхищен вашим предложением!,1,0.053
22,чувствительность к оценке,Средняя,Я восхищен вашим предложением!,1,0.053
22,чувствительность к оценке,Высокая,Прекрасная идея!; Я восхищен вашим предложением!,4,0.211
22,чувствительность к оценке,Высокая,"Вы хотите, чтобы я опозорился там?; Я растеряюсь, и не смогу удержать внимание публики",3,0.158
22,чувствительность к оценке,Высокая,"На меня будут смотреть люди; Вы хотите, чтобы я опозорился там?; Я растеряюсь, и не смогу удержать внимание публики",3,0.158
22,чувствительность к оценке,Высокая,"Вы хотите, чтобы я опозорился там?; Вы ошибаетесь в выборе кандидата для такого мероприятия; Я растеряюсь, и не смогу удержать внимание публики",2,0.105
22,чувствительность к оценке,Высокая,"На меня будут смотреть люди; Вы хотите, чтобы я опозорился там?; Прекрасная идея!; Я восхищен вашим предложением!",2,0.105
22,чувствительность к оценке,Высокая,"Вы хотите, чтобы я опозорился там?; Вы ошибаетесь в выборе кандидата для такого мероприятия",1,0.053
22,чувствительность к оценке,Высокая,"На меня будут смотреть люди; Вы хотите, чтобы я опозорился там?",1,0.053
22,чувствительность к оценке,Высокая,"На меня будут смотреть люди; Вы хотите, чтобы я опозорился там?; Вы ошибаетесь в выборе кандидата для такого мероприятия; Я растеряюсь, и не смогу удержать внимание публики",1,0.053
22,чувствительность к оценке,Высокая,Прекрасная идея!,1,0.053
22,чувствительность к оценке,Высокая,Я восхищен вашим предложением!,1,0.053
23,неумеренность,Низкая,Хороший торт!,12,0.632
23,неумеренность,Низкая,Маловат торт для сюрприза,6,0.316
23,неумеренность,Низкая,Нужно было делать торт побольше!; Маловат торт для сюрприза,1,0.053
23,неумеренность,Средняя,Маловат торт для сюрприза,10,0.526
23,неумеренность,Средняя,Нужно было делать торт побольше!,4,0.211
23,неумеренность,Средняя,Хороший торт!,3,0.158
23,неумеренность,Средняя,Хороший торт!; Нужно было делать торт побольше!,2,0.105
23,неумеренность,Высокая,Нужно было делать торт побольше!,10,0.526
23,неумеренность,Высокая,Хороший торт!,5,0.263
23,неумеренность,Высокая,Нужно было делать торт побольше!; Маловат торт для сюрприза,3,0.158
23,неумеренность,Высокая,Хороший торт!; Маловат торт для сюрприза,1,0.053
24,уязвимость,Низкая,"Спасибо, что помог мне осознать это",6,0.316
24,уязвимость,Низкая,Мне хотя бы никто не сует палки в колеса,3,0.158
24,уязвимость,Низкая,"Мне хотя бы никто не сует палки в колеса; Спасибо, что помог мне осознать это",3,0.158
24,уязвимость,Низкая,У меня ничего не получается!; Мне не дадут даже возможности защититься!,3,0.158
24,уязвимость,Низкая,У меня ничего не получается!; Это не в моей власти!,2,0.105
24,уязвимость,Низкая,У меня ничего не получается!,1,0.053
24,уязвимость,Низкая,У меня ничего не получается!; Это не в моей власти!; Мне хотя бы никто не сует палки в колеса; Мне не дадут даже возможности защититься!,1,0.053
24,уязвимость,Средняя,Мне хотя бы никто не сует палки в колеса,4,0.211
24,уязвимость,Средняя,"Спасибо, что помог мне осознать это",3,0.158
24,уязвимость,Средняя,Это не в моей власти!,3,0.158
24,уязвимость,Средняя,Мне хотя бы никто не сует палки в колеса; Мне не дадут даже возможности защититься!,2,0.105
24,уязвимость,Средняя,Это не в моей власти!; Мне хотя бы никто не сует палки в колеса,2,0.105
24,уязвимость,Средняя,Мне не дадут даже возможности защититься!,1,0.053
24,уязвимость,Средняя,"Мне не дадут даже возможности защититься!; Спасибо, что помог мне осознать это",1,0.053
24,уязвимость,Средняя,"Мне хотя бы никто не сует палки в колеса; Спасибо, что помог мне осознать это",1,0.053
24,уязвимость,Средняя,"У меня ничего не получается!; Это не в моей власти!; Мне хотя бы никто не сует палки в колеса; Мне не дадут даже возможности защититься!; Спасибо, что помог мне осознать это",1,0.053
24,уязвимость,Средняя,"Это не в моей власти!; Спасибо, что помог мне осознать это",1,0.053
24,уязвимость,Высокая,У меня ничего не получается!; Это не в моей власти!; Мне не дадут даже возможности защититься!,6,0.316
24,уязвимость,Высокая,"Спасибо, что помог мне осознать это",5,0.263
24,уязвимость,Высокая,У меня ничего не получается!; Мне не дадут даже возможности защититься!,3,0.158
24,уязвимость,Высокая,Мне хотя бы никто не сует палки в колеса,1,0.053
24,уязвимость,Высокая,"Мне хотя бы никто не сует палки в колеса; Спасибо, что помог мне осознать это",1,0.053
24,уязвимость,Высокая,У меня ничего не получается!; Мне хотя бы никто не сует палки в колеса; Мне не дадут даже возможности защититься!,1,0.053
24,уязвимость,Высокая,У меня ничего не получается!; Это не в моей власти!,1,0.053
24,уязвимость,Высокая,"У меня ничего не получается!; Это не в моей власти!; Мне хотя бы никто не сует палки в колеса; Спасибо, что помог мне осознать это",1,0.053
25,воображение,Низкая,"Рад за то, что ты остаешься объективным!",15,0.789
25,воображение,Низкая,В некоторых ситуациях фантазия выигрывает у фактов,4,0.211
25,воображение,Средняя,В некоторых ситуациях фантазия выигрывает у фактов,8,0.421
25,воображение,Средняя,"Рад за то, что ты остаешься объективным!",7,0.368
25,воображение,Средняя,"Рад за то, что ты остаешься объективным!; В некоторых ситуациях фантазия выигрывает у фактов",4,0.211
25,воображение,Высокая,В некоторых ситуациях фантазия выигрывает у фактов,13,0.684
25,воображение,Высокая,"Рад за то, что ты остаешься объективным!",5,0.263
25,воображение,Высокая,"Рад за то, что ты остаешься объективным!; В некоторых ситуациях фантазия выигрывает у фактов",1,0.053
26,художенственные интересы,Низкая,Ты хочешь купить какую то ерунду!,15,0.789
26,художенственные интересы,Низкая,Я очень рад твоему приобритению!,3,0.158
26,художенственные интересы,Низкая,Ты хочешь купить какую то ерунду!; Ты хочешь купить ценную вещь,1,0.053
26,художенственные интересы,Средняя,Ты хочешь купить ценную вещь,8,0.421
26,художенственные интересы,Средняя,Я очень рад твоему приобритению!,6,0.316
26,художенственные интересы,Средняя,Ты хочешь купить ценную вещь; Я очень рад твоему приобритению!,2,0.105
26,художенственные интересы,Средняя,Я восхищен твоим выбором! Она прекрасна!,1,0.053
26,художенственные интересы,Средняя,Я восхищен твоим выбором! Она прекрасна!; Ты хочешь купить какую то ерунду!; Ты хочешь купить ценную вещь,1,0.053
26,художенственные интересы,Средняя,Я восхищен твоим выбором! Она прекрасна!; Ты хочешь купить ценную вещь; Я очень рад твоему приобритению!,1,0.053
26,художенственные интересы,Высокая,Я восхищен твоим выбором! Она прекрасна!; Я очень рад твоему приобритению!,9,0.474
26,художенственные интересы,Высокая,Я восхищен твоим выбором! Она прекрасна!; Ты хочешь купить ценную вещь,4,0.211
26,художенственные интересы,Высокая,Я восхищен твоим выбором! Она прекрасна!,3,0.158
26,художенственные интересы,Высокая,Я восхищен твоим выбором! Она прекрасна!; Ты хочешь купить какую то ерунду!; Ты хочешь купить ценную вещь; Я очень рад твоему приобритению!,2,0.105
26,художенственные интересы,Высокая,Ты хочешь купить ценную вещь; Я очень рад твоему приобритению!,1,0.053
27,эмоциональность,Низкая,Ты говоришь ерунду какую то,7,0.368
27,эмоциональность,Низкая,Ты говоришь ерунду какую то; Ты обманываешь,6,0.316
27,эмоциональность,Низкая,Ты обманываешь,4,0.211
27,эмоциональность,Низкая,Я восхищен твоей осознанностью твоих чувств!,2,0.105
27,эмоциональность,Средняя,Ты обманываешь,7,0.368
27,эмоциональность,Средняя,Ты говоришь ерунду какую то,5,0.263
27,эмоциональность,Средняя,Я восхищен твоей осознанностью твоих чувств!,4,0.211
27,эмоциональность,Средняя,Я восхищен твоей осознанностью твоих чувств!; Ты обманываешь,2,0.105
27,эмоциональность,Средняя,Ты говоришь ерунду какую то; Ты обманываешь,1,0.053
27,эмоциональность,Высокая,Я восхищен твоей осознанностью твоих чувств!,16,0.842
27,эмоциональность,Высокая,Ты говоришь ерунду какую то,1,0.053
27,эмоциональность,Высокая,Я восхищен твоей осознанностью твоих чувств!; Ты говоришь ерунду какую то,1,0.053
27,эмоциональность,Высокая,Я восхищен твоей осознанностью твоих чувств!; Ты говоришь ерунду какую то; Ты обманываешь,1,0.053
28,авантюризм,Низкая,Ты собираешься сделать какую то ерунду!; Ты замышляешь что то плохое,9,0.474
28,авантюризм,Низкая,Ты собираешься сделать какую то ерунду!,3,0.158
28,авантюризм,Низкая,"Радует то, что ты достигнешь своего дома в любом случае",2,0.105
28,авантюризм,Низкая,Здорово! Ты откроешь для себя новый путь домой!,1,0.053
28,авантюризм,Низкая,Ты замышляешь что то плохое,1,0.053
28,авантюризм,Низкая,"Ты замышляешь что то плохое; Радует то, что ты достигнешь своего дома в любом случае",1,0.053
28,авантюризм,Низкая,"Ты собираешься сделать какую то ерунду!; Радует то, что ты достигнешь своего дома в любом случае",1,0.053
28,авантюризм,Низкая,"Ты собираешься сделать какую то ерунду!; Ты замышляешь что то плохое; Радует то, что ты достигнешь своего дома в любом случае",1,0.053
28,авантюризм,Средняя,"Радует то, что ты достигнешь своего дома в любом случае",8,0.421
28,авантюризм,Средняя,"Потрясяющая идея!; Радует то, что ты достигнешь своего дома в любом случае",2,0.105
28,авантюризм,Средняя,Потрясяющая идея!; Ты замышляешь что то плохое,2,0.105
28,авантюризм,Средняя,Ты замышляешь что то плохое,2,0.105
28,авантюризм,Средняя,"Ты собираешься сделать какую то ерунду!; Радует то, что ты достигнешь своего дома в любом случае",2,0.105
28,авантюризм,Средняя,Здорово! Ты откроешь для себя новый путь домой!,1,0.053
28,авантюризм,Средняя,Потрясяющая идея!; Здорово! Ты откроешь для себя новый путь домой!,1,0.053
28,авантюризм,Средняя,"Потрясяющая идея!; Здорово! Ты откроешь для себя новый путь домой!; Радует то, что ты достигнешь своего дома в любом случае",1,0.053
28,авантюризм,Высокая,Потрясяющая идея!; Здорово! Ты откроешь для себя новый путь домой!,12,0.632
28,авантюризм,Высокая,Здорово! Ты откроешь для себя новый путь домой!,3,0.158
28,авантюризм,Высокая,"Потрясяющая идея!; Здорово! Ты откроешь для себя новый путь домой!; Радует то, что ты достигнешь своего дома в любом случае",2,0.105
28,авантюризм,Высокая,"Здорово! Ты откроешь для себя новый путь домой!; Радует то, что ты достигнешь своего дома в любом случае",1,0.053
28,авантюризм,Высокая,"Потрясяющая идея!; Ты собираешься сделать какую то ерунду!; Ты замышляешь что то плохое; Радует то, что ты достигнешь своего дома в любом случае",1,0.053
29,интеллектуальная любознательность,Низкая,Ты хочешь заняться какой то ерундой,16,0.842
29,интеллектуальная любознательность,Низкая,Я помогу ее тебе решить,3,0.158
29,интеллектуальная любознательность,Средняя,Я помогу ее тебе решить,12,0.632
29,интеллектуальная любознательность,Средняя,Я помогу ее тебе решить; Ты хочешь заняться какой то ерундой,4,0.211
29,интеллектуальная любознательность,Средняя,Ты хочешь заняться какой то ерундой,3,0.158
29,интеллектуальная любознательность,Высокая,Я помогу ее тебе решить,18,0.947
29,интеллектуальная любознательность,Высокая,Я помогу ее тебе решить; Ты хочешь заняться какой то ерундой,1,0.053
30,либерализм,Низкая,Ты хочешь заниматься какой то ерундой!,13,0.684
30,либерализм,Низкая,"Рад за то, что ты нашел свое место!",3,0.158
30,либерализм,Низкая,Вау! Ты собираешься выступить против такого сильного врага!,1,0.053
30,либерализм,Низкая,"Рад за то, что ты нашел свое место!; Ты хочешь заниматься какой то ерундой!",1,0.053
30,либерализм,Низкая,Ты хочешь заниматься какой то ерундой!; Восхищает твое желание работать для важной цели!,1,0.053
30,либерализм,Средняя,"Рад за то, что ты нашел свое место!",6,0.316
30,либерализм,Средняя,Вау! Ты собираешься выступить против такого сильного врага!,4,0.211
30,либерализм,Средняя,Ты хочешь заниматься какой то ерундой!,3,0.158
30,либерализм,Средняя,Восхищает твое желание работать для важной цели!,2,0.105
30,либерализм,Средняя,"Рад за то, что ты нашел свое место!; Вау! Ты собираешься выступить против такого сильного врага!; Восхищает твое желание работать для важной цели!",2,0.105
30,либерализм,Средняя,"Рад за то, что ты нашел свое место!; Восхищает твое желание работать для важной цели!",1,0.053
30,либерализм,Средняя,"Рад за то, что ты нашел свое место!; Ты хочешь заниматься какой то ерундой!",1,0.053
30,либерализм,Высокая,Вау! Ты собираешься выступить против такого сильного врага!; Восхищает твое желание работать для важной цели!,5,0.263
30,либерализм,Высокая,"Рад за то, что ты нашел свое место!; Вау! Ты собираешься выступить против такого сильного врага!; Восхищает твое желание работать для важной цели!",4,0.211
30,либерализм,Высокая,"Рад за то, что ты нашел свое место!; Вау! Ты собираешься выступить против такого сильного врага!",3,0.158
30,либерализм,Высокая,"Рад за то, что ты нашел свое место!; Восхищает твое желание работать для важной цели!",3,0.158
30,либерализм,Высокая,Восхищает твое желание работать для важной цели!,2,0.105
30,либерализм,Высокая,Вау! Ты собираешься выступить против такого сильного врага!,1,0.053
30,либерализм,Высокая,Ты хочешь заниматься какой то ерундой!; Вау! Ты собираешься выступить против такого сильного врага!,1,0.053
